[
  {
    "id": "eltifs-compulsory-redemptions",
    "title": "Closed-Ended Luxembourg ELTIFs: Compulsory Redemptions and Compartment Termination & Amalgamation Provisions",
    "author": "Ezechiel Havrenne",
    "date": "2025-06-28",
    "abstract": "This article examines the legal and regulatory framework governing compulsory redemptions and compartment terminations in Luxembourg closed-ended ELTIFs.",
    "pdfUrl": "/articles/2025.06.28_NewTIFI%20Investment%20Management%20Journal%20-%20Closed-Ended%20Luxembourg%20ELTIFs-%20Compulsory%20Redemptions%20and%20Compartment%20Termination%20&%20Amalgamation%20Provisions_Final.pdf"
  },
  {
    "id": "bafin-portfolio-control",
    "title": "Investor Oversight or Undue Influence? Reassessing BaFin's Stance on AIFM Portfolio Control",
    "author": "Ezechiel Havrenne",
    "date": "2025-06-28",
    "abstract": "This article critically examines the March 2025 Draft Position Letter issued by BaFin on investor involvement in AIF portfolio decisions.",
    "pdfUrl": "/articles/2025.06.28_NewTIFI%20Investment%20Management%20Journal%20-%20Investor%20Oversight%20or%20Undue%20Influence%20Reassessing%20BaFin's%20Stance%20on%20AIFM%20Portfolio%20Control_Final.pdf"
  },
  {
    "id": "luxembourg-well-informed-investor",
    "title": "Luxembourg SICARs, SIFs, and RAIFs: A 20-year Perspective on the Well-Informed Investor Notion",
    "author": "Ezechiel Havrenne",
    "date": "2025-06-28",
    "abstract": "This article provides a comprehensive analysis of Luxembourg's 'Well-Informed Investor' regime as applied to SICARs, SIFs, and RAIFs.",
    "pdfUrl": "/articles/2025.06.28_NewTIFI%20Investment%20Management%20Journal%20-%20Luxembourg%20SICARs,%20SIFs%20and%20RAIFs%20-%20A%2020-year%20Perspective%20on%20the%20Well-Informed%20Investor%20notion_Final.pdf"
  }
] 