{
  "id": "IMJ-2025-003",
  "journalId": "investment-management",
  "version": "v1",
  "title": "Luxembourg SICARs, SIFs, and RAIFs: A 20-year Perspective on the Well-Informed Investor Notion",
  "abstract": "This article provides a comprehensive analysis of Luxembourg's \"Well-Informed Investor\" regime as applied to SICARs, SIFs, and RAIFs, tracing its legislative and regulatory evolution over the past two decades.",
  "authors": [
    {
      "name": "Ezechiel Havrenne",
      "order": 1,
      "corresponding": true
    }
  ],
  "keywords": [
    "SICARs",
    "SIFs",
    "RAIFs",
    "Well-Informed Investor",
    "Luxembourg"
  ],
  "doi": "10.1234/newtifi.2025.003",
  "status": "published",
  "publishedDate": "2025-06-28",
  "submittedDate": "2025-06-28",
  "files": {
    "main": {
      "path": "/articles/investment-management-journal/2025.06.28_NewTIFI Investment Management Journal - Luxembourg SICARs, SIFs and RAIFs - A 20-year Perspective on the Well-Informed Investor notion_Final.pdf",
      "url": "/articles/investment-management-journal/2025.06.28_NewTIFI Investment Management Journal - Luxembourg SICARs, SIFs and RAIFs - A 20-year Perspective on the Well-Informed Investor notion_Final.pdf",
      "type": "pdf",
      "size": 0,
      "mimeType": "application/pdf",
      "checksum": ""
    }
  },
  "versionHistory": [
    {
      "version": "v1",
      "createdAt": "2025-06-28",
      "isCurrent": true
    }
  ],
  "currentVersion": "v1",
  "subjectAreas": [
    "Investment Vehicles",
    "Investment Funds",
    "Regulatory Framework"
  ],
  "peerReviewed": true,
  "license": "All Rights Reserved"
}