{
  "google": {
    "clientId": "194507073097-ocntv6b6bou3v4m334tr637pjq2d8702.apps.googleusercontent.com",
    "clientSecret": "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",
        "redirectUri": {
          "development": "http://localhost:8080/auth/google/callback",
          "production": "https://newtifi.com/auth/google/callback"
        },
    "scopes": [
      "https://www.googleapis.com/auth/userinfo.profile",
      "https://www.googleapis.com/auth/userinfo.email"
    ]
  },
  "linkedin": {
    "clientId": "784sx1yh2lpuxm",
    "clientSecret": "WPL_AP1.ZCdvRZtOo5BgQfzD.pZ9uHQ==",
        "redirectUri": {
          "development": "http://localhost:8080/auth/linkedin/callback",
          "production": "https://newtifi.com/auth/linkedin/callback"
        },
      "scopes": [
        "openid",
        "profile", 
        "email"
      ]
  },
  "session": {
    "timeout": 604800000,
    "refreshThreshold": 300000,
    "storageKey": "auth_session"
  },
  "api": {
    "baseUrl": "https://api.newtifi.org",
    "timeout": 30000,
    "retryAttempts": 3
  }
}
