{
  "hash": "a3223d11",
  "configHash": "b2ba78f1",
  "lockfileHash": "f09fc52e",
  "browserHash": "a87bb052",
  "optimized": {
    "react/jsx-dev-runtime": {
      "src": "../../node_modules/react/jsx-dev-runtime.js",
      "file": "react_jsx-dev-runtime.js",
      "fileHash": "02edb6c4",
      "needsInterop": true
    },
    "react-dom/client": {
      "src": "../../node_modules/react-dom/client.js",
      "file": "react-dom_client.js",
      "fileHash": "9038dcae",
      "needsInterop": true
    },
    "react": {
      "src": "../../node_modules/react/index.js",
      "file": "react.js",
      "fileHash": "92a1383d",
      "needsInterop": true
    },
    "@tanstack/react-query": {
      "src": "../../node_modules/@tanstack/react-query/build/modern/index.js",
      "file": "@tanstack_react-query.js",
      "fileHash": "88a7b40f",
      "needsInterop": false
    },
    "react-router-dom": {
      "src": "../../node_modules/react-router-dom/dist/index.js",
      "file": "react-router-dom.js",
      "fileHash": "a40d4bc3",
      "needsInterop": false
    },
    "lucide-react": {
      "src": "../../node_modules/lucide-react/dist/esm/lucide-react.js",
      "file": "lucide-react.js",
      "fileHash": "67b5fdcc",
      "needsInterop": false
    }
  },
  "chunks": {
    "chunk-7LVE3BO7": {
      "file": "chunk-7LVE3BO7.js"
    },
    "chunk-ZCND2HWC": {
      "file": "chunk-ZCND2HWC.js"
    }
  }
}