[
  {
    "id": "IMJ-2025-001",
    "title": "Closed-Ended Luxembourg ELTIFs Compulsory Redemption Matters and Compartment Termination & Amalgamation Provisions",
    "author": "Ezechiel Havrenne",
    "affiliation": "Lecturer at the Luxembourg School of Business",
    "date": "2025-06-28",
    "doi": "10.1234/newtifi.2025.001",
    "keywords": [
      "ELTIFs",
      "Luxembourg",
      "Compulsory Redemptions",
      "Fund Management"
    ],
    "abstract": "This article examines the legal and regulatory framework governing compulsory redemptions and compartment terminations in Luxembourg closed-ended ELTIFs. Focusing on the interplay between EU law, Luxembourg product regimes, and CSSF practice, it analyses how these mechanisms enhance capital efficiency, support fund liquidity management, and ensure investor protection.",
    "filename": "2025.06.28_NewTIFI Investment Management Journal - Closed-Ended Luxembourg ELTIFs- Compulsory Redemptions and Compartment Termination & Amalgamation Provisions_Final.pdf",
    "url": "/articles/investment-management-journal/2025.06.28_NewTIFI Investment Management Journal - Closed-Ended Luxembourg ELTIFs- Compulsory Redemptions and Compartment Termination & Amalgamation Provisions_Final.pdf",
    "pdfUrl": "/articles/investment-management-journal/2025.06.28_NewTIFI Investment Management Journal - Closed-Ended Luxembourg ELTIFs- Compulsory Redemptions and Compartment Termination & Amalgamation Provisions_Final.pdf",
    "status": "published",
    "views": 0,
    "downloads": 0,
    "featured": true,
    "category": "journal",
    "journal": "NewTiFi Investment Management Journal",
    "fileSize": "0.39 MB",
    "lastModified": "2025-06-28T11:59:53.645Z",
    "requiresLogin": false
  },
  {
    "id": "IMJ-2025-002",
    "title": "Investor Oversight or Undue Influence? Reassessing BaFin's Stance on AIFM Portfolio Control",
    "author": "Ezechiel Havrenne",
    "affiliation": "Lecturer at the Luxembourg School of Business",
    "date": "2025-06-28",
    "doi": "10.1234/newtifi.2025.002",
    "keywords": [
      "AIFM",
      "BaFin",
      "Portfolio Control",
      "Investor Oversight"
    ],
    "abstract": "This article critically examines the March 2025 Draft Position Letter issued by BaFin on investor involvement in AIF portfolio decisions. While reaffirming the AIFM's exclusive mandate under the AIFMD, BaFin's strict stance on veto rights, LPAC involvement, and investor oversight diverges from more pragmatic regulatory approaches in other EU jurisdictions.",
    "filename": "2025.06.28_NewTIFI Investment Management Journal - Investor Oversight or Undue Influence Reassessing BaFin's Stance on AIFM Portfolio Control_Final.pdf",
    "url": "/articles/investment-management-journal/2025.06.28_NewTIFI Investment Management Journal - Investor Oversight or Undue Influence Reassessing BaFin's Stance on AIFM Portfolio Control_Final.pdf",
    "pdfUrl": "/articles/investment-management-journal/2025.06.28_NewTIFI Investment Management Journal - Investor Oversight or Undue Influence Reassessing BaFin's Stance on AIFM Portfolio Control_Final.pdf",
    "status": "published",
    "views": 0,
    "downloads": 0,
    "featured": true,
    "category": "journal",
    "journal": "NewTiFi Investment Management Journal",
    "fileSize": "0.33 MB",
    "lastModified": "2025-06-28T11:59:53.646Z",
    "requiresLogin": false
  },
  {
    "id": "IMJ-2025-003",
    "title": "Luxembourg SICARs, SIFs, and RAIFs: A 20-year Perspective on the Well-Informed Investor Notion",
    "author": "Ezechiel Havrenne",
    "affiliation": "Lecturer at the Luxembourg School of Business",
    "date": "2025-06-28",
    "doi": "10.1234/newtifi.2025.003",
    "keywords": [
      "SICARs",
      "SIFs",
      "RAIFs",
      "Well-Informed Investor",
      "Luxembourg"
    ],
    "abstract": "This article provides a comprehensive analysis of Luxembourg's \"Well-Informed Investor\" regime as applied to SICARs, SIFs, and RAIFs, tracing its legislative and regulatory evolution over the past two decades.",
    "filename": "2025.06.28_NewTIFI Investment Management Journal - Luxembourg SICARs, SIFs and RAIFs - A 20-year Perspective on the Well-Informed Investor notion_Final.pdf",
    "url": "/articles/investment-management-journal/2025.06.28_NewTIFI Investment Management Journal - Luxembourg SICARs, SIFs and RAIFs - A 20-year Perspective on the Well-Informed Investor notion_Final.pdf",
    "pdfUrl": "/articles/investment-management-journal/2025.06.28_NewTIFI Investment Management Journal - Luxembourg SICARs, SIFs and RAIFs - A 20-year Perspective on the Well-Informed Investor notion_Final.pdf",
    "status": "published",
    "views": 0,
    "downloads": 0,
    "featured": false,
    "category": "journal",
    "journal": "NewTiFi Investment Management Journal",
    "fileSize": "0.47 MB",
    "lastModified": "2025-06-28T11:59:53.647Z",
    "requiresLogin": false
  }
] 